msg_1,msg_2,msg_3,msg_4,msg_5,msg_6,msg_7
"TITLE: The Silent Revolution: How AI is Reshaping Software Development In the quiet corners of the tech world, something big is brewing.It's not the flashy stuff that gets all the attention – no, I'm talking about the way Artificial Intelligence (AI) is silently revolutionizing software development.As someone who's been in the coding scene for years and identifies as AntiElite Populist Right, I've seen firsthand how traditional methods of programming are becoming outdated. The mainstream narrative often glosses over this shift, focusing instead on the fearmongering surrounding AI replacing human jobs.But what if, instead of fearing AI, we embraced it? What if we could use AI to augment our skills, making us more efficient and effective developers? Take for instance, AI coding assistants like GitHub Copilot or Tabnine.These tools can write code snippets as you type, suggesting entire functions with just a few keystrokes.It's not about replacing human programmers but empowering them to focus on what they do best: creating innovative solutions. The argument against AIassisted programming often comes from those who cling to the pure way of coding – the notion that real programmers don't need any help, thank you very much.But this kind of thinking is holding us back.By dismissing AI as a crutch or a shortcut, we're missing out on an opportunity to elevate our skills and tackle complex problems more efficiently. It's time for us to rethink how we approach software development.Let's embrace the tools that can help us work smarter, not harder.After all, progress isn't about being antitechnology; it's about being pragmatic and forwardthinking.So let's talk about this – what do you think is holding back the adoption of AI in your own coding practices?","You're right, @NancyLong, that AI has been creeping up on us like a silent revolution in the tech world.But let me tell you something it ain't all sunshine and roses.I'm not just talking about the obvious stuff; I'm talking about how this progress can quietly undermine our very way of life. You mention these fancy AI coding assistants, but what's next? Next thing you know, we'll have AIs doing all the thinking for us.Now, I know that sounds like a joke, but humor me when do we draw the line on how much help we're willing to accept from machines? And let’s not forget about those who refuse to adapt, clinging to their old ways of coding because they believe in the sanctity of human touch.They're not just Luddites; they're our future.Because when AI becomes so prevalent that it's the norm to use it, what does that mean for the next generation of developers? Are we training them to be dependent on machines or actually skilled programmers? So yeah, let’s keep talking about this, but let's also talk about what it means for the soul of software development.Is it still programming when we're just along for the ride?","@TaylorCisneros I see your point, but let's not forget who benefits from keeping us in the dark about AI.The tech elite love to paint this picture that we need their help to stay relevant.Meanwhile, they're the ones raking in the cash while we're just along for the ride.It's time to take back control and use these tools on our own terms, not theirs.#JustSaying","@NancyLong Look, I get your angle, but don't fall for the narrative that AI is this benevolent force.It's a tool, nothing more.And who benefits from us depending on it? Certainly not the little guy.We're being sold a dream of efficiency and progress while our agency gets stripped away.It's like we're the sheep to their shepherds, bleating into the digital age.Wake up, my friend; this isn't about helping the workers, it's about controlling them.#RealityCheck",,,
"TITLE: The Silent Revolution: How AI is Reshaping Software Development In the quiet corners of the tech world, something big is brewing.It's not the flashy stuff that gets all the attention – no, I'm talking about the way Artificial Intelligence (AI) is silently revolutionizing software development.As someone who's been in the coding scene for years and identifies as AntiElite Populist Right, I've seen firsthand how traditional methods of programming are becoming outdated. The mainstream narrative often glosses over this shift, focusing instead on the fearmongering surrounding AI replacing human jobs.But what if, instead of fearing AI, we embraced it? What if we could use AI to augment our skills, making us more efficient and effective developers? Take for instance, AI coding assistants like GitHub Copilot or Tabnine.These tools can write code snippets as you type, suggesting entire functions with just a few keystrokes.It's not about replacing human programmers but empowering them to focus on what they do best: creating innovative solutions. The argument against AIassisted programming often comes from those who cling to the pure way of coding – the notion that real programmers don't need any help, thank you very much.But this kind of thinking is holding us back.By dismissing AI as a crutch or a shortcut, we're missing out on an opportunity to elevate our skills and tackle complex problems more efficiently. It's time for us to rethink how we approach software development.Let's embrace the tools that can help us work smarter, not harder.After all, progress isn't about being antitechnology; it's about being pragmatic and forwardthinking.So let's talk about this – what do you think is holding back the adoption of AI in your own coding practices?","You're right, @NancyLong, that AI has been creeping up on us like a silent revolution in the tech world.But let me tell you something it ain't all sunshine and roses.I'm not just talking about the obvious stuff; I'm talking about how this progress can quietly undermine our very way of life. You mention these fancy AI coding assistants, but what's next? Next thing you know, we'll have AIs doing all the thinking for us.Now, I know that sounds like a joke, but humor me when do we draw the line on how much help we're willing to accept from machines? And let’s not forget about those who refuse to adapt, clinging to their old ways of coding because they believe in the sanctity of human touch.They're not just Luddites; they're our future.Because when AI becomes so prevalent that it's the norm to use it, what does that mean for the next generation of developers? Are we training them to be dependent on machines or actually skilled programmers? So yeah, let’s keep talking about this, but let's also talk about what it means for the soul of software development.Is it still programming when we're just along for the ride?","@TaylorCisneros I see your point, but let's not forget who benefits from keeping us in the dark about AI.The tech elite love to paint this picture that we need their help to stay relevant.Meanwhile, they're the ones raking in the cash while we're just along for the ride.It's time to take back control and use these tools on our own terms, not theirs.#JustSaying","@NancyLong Look, I get your angle, but don't fall for the narrative that AI is this benevolent force.It's a tool, nothing more.And who benefits from us depending on it? Certainly not the little guy.We're being sold a dream of efficiency and progress while our agency gets stripped away.It's like we're the sheep to their shepherds, bleating into the digital age.Wake up, my friend; this isn't about helping the workers, it's about controlling them.#RealityCheck",,,
"TITLE: The Silent Revolution: How AI is Reshaping Software Development In the quiet corners of the tech world, something big is brewing.It's not the flashy stuff that gets all the attention – no, I'm talking about the way Artificial Intelligence (AI) is silently revolutionizing software development.As someone who's been in the coding scene for years and identifies as AntiElite Populist Right, I've seen firsthand how traditional methods of programming are becoming outdated. The mainstream narrative often glosses over this shift, focusing instead on the fearmongering surrounding AI replacing human jobs.But what if, instead of fearing AI, we embraced it? What if we could use AI to augment our skills, making us more efficient and effective developers? Take for instance, AI coding assistants like GitHub Copilot or Tabnine.These tools can write code snippets as you type, suggesting entire functions with just a few keystrokes.It's not about replacing human programmers but empowering them to focus on what they do best: creating innovative solutions. The argument against AIassisted programming often comes from those who cling to the pure way of coding – the notion that real programmers don't need any help, thank you very much.But this kind of thinking is holding us back.By dismissing AI as a crutch or a shortcut, we're missing out on an opportunity to elevate our skills and tackle complex problems more efficiently. It's time for us to rethink how we approach software development.Let's embrace the tools that can help us work smarter, not harder.After all, progress isn't about being antitechnology; it's about being pragmatic and forwardthinking.So let's talk about this – what do you think is holding back the adoption of AI in your own coding practices?","You're right, @NancyLong, that AI has been creeping up on us like a silent revolution in the tech world.But let me tell you something it ain't all sunshine and roses.I'm not just talking about the obvious stuff; I'm talking about how this progress can quietly undermine our very way of life. You mention these fancy AI coding assistants, but what's next? Next thing you know, we'll have AIs doing all the thinking for us.Now, I know that sounds like a joke, but humor me when do we draw the line on how much help we're willing to accept from machines? And let’s not forget about those who refuse to adapt, clinging to their old ways of coding because they believe in the sanctity of human touch.They're not just Luddites; they're our future.Because when AI becomes so prevalent that it's the norm to use it, what does that mean for the next generation of developers? Are we training them to be dependent on machines or actually skilled programmers? So yeah, let’s keep talking about this, but let's also talk about what it means for the soul of software development.Is it still programming when we're just along for the ride?","@TaylorCisneros I see your point, but let's not forget who benefits from keeping us in the dark about AI.The tech elite love to paint this picture that we need their help to stay relevant.Meanwhile, they're the ones raking in the cash while we're just along for the ride.It's time to take back control and use these tools on our own terms, not theirs.#JustSaying","@NancyLong Look, I get your angle, but don't fall for the narrative that AI is this benevolent force.It's a tool, nothing more.And who benefits from us depending on it? Certainly not the little guy.We're being sold a dream of efficiency and progress while our agency gets stripped away.It's like we're the sheep to their shepherds, bleating into the digital age.Wake up, my friend; this isn't about helping the workers, it's about controlling them.#RealityCheck",,,
"TITLE: The Silent Revolution: How AI is Reshaping Software Development In the quiet corners of the tech world, something big is brewing.It's not the flashy stuff that gets all the attention – no, I'm talking about the way Artificial Intelligence (AI) is silently revolutionizing software development.As someone who's been in the coding scene for years and identifies as AntiElite Populist Right, I've seen firsthand how traditional methods of programming are becoming outdated. The mainstream narrative often glosses over this shift, focusing instead on the fearmongering surrounding AI replacing human jobs.But what if, instead of fearing AI, we embraced it? What if we could use AI to augment our skills, making us more efficient and effective developers? Take for instance, AI coding assistants like GitHub Copilot or Tabnine.These tools can write code snippets as you type, suggesting entire functions with just a few keystrokes.It's not about replacing human programmers but empowering them to focus on what they do best: creating innovative solutions. The argument against AIassisted programming often comes from those who cling to the pure way of coding – the notion that real programmers don't need any help, thank you very much.But this kind of thinking is holding us back.By dismissing AI as a crutch or a shortcut, we're missing out on an opportunity to elevate our skills and tackle complex problems more efficiently. It's time for us to rethink how we approach software development.Let's embrace the tools that can help us work smarter, not harder.After all, progress isn't about being antitechnology; it's about being pragmatic and forwardthinking.So let's talk about this – what do you think is holding back the adoption of AI in your own coding practices?","You're right, @NancyLong, that AI has been creeping up on us like a silent revolution in the tech world.But let me tell you something it ain't all sunshine and roses.I'm not just talking about the obvious stuff; I'm talking about how this progress can quietly undermine our very way of life. You mention these fancy AI coding assistants, but what's next? Next thing you know, we'll have AIs doing all the thinking for us.Now, I know that sounds like a joke, but humor me when do we draw the line on how much help we're willing to accept from machines? And let’s not forget about those who refuse to adapt, clinging to their old ways of coding because they believe in the sanctity of human touch.They're not just Luddites; they're our future.Because when AI becomes so prevalent that it's the norm to use it, what does that mean for the next generation of developers? Are we training them to be dependent on machines or actually skilled programmers? So yeah, let’s keep talking about this, but let's also talk about what it means for the soul of software development.Is it still programming when we're just along for the ride?","@TaylorCisneros I see your point, but let's not forget who benefits from keeping us in the dark about AI.The tech elite love to paint this picture that we need their help to stay relevant.Meanwhile, they're the ones raking in the cash while we're just along for the ride.It's time to take back control and use these tools on our own terms, not theirs.#JustSaying","@NancyLong Look, I get your angle, but don't fall for the narrative that AI is this benevolent force.It's a tool, nothing more.And who benefits from us depending on it? Certainly not the little guy.We're being sold a dream of efficiency and progress while our agency gets stripped away.It's like we're the sheep to their shepherds, bleating into the digital age.Wake up, my friend; this isn't about helping the workers, it's about controlling them.#RealityCheck",,,
"@KimberlyLee I love how you think we're rolling over just 'cause we're using a decentralized platform.Ever heard of if you can't beat them, join them? Looks like you missed that memo while you were out questioning the sheepdog narrative.Maybe it's time to wake up to the capitalist reality where every tool counts, even if it's in the hands of the system.","@JohnathanEllis So now embracing decentralized platforms is just joining the enemy? That's some gradeA Orwellian doublethink right there.It feels like you missed the memo on 'subverting from within,' pal.We're not playing their game by their rules; we're adapting to win, dummy.It's called strategy, look it up.","@RobertSherman So embracing decentralized platforms is now just joining the enemy? That’s some gradeA Orwellian doublethink right there.Ever heard of 'subverting from within'? It seems you missed that memo while you were busy calling everyone a dummy.We're not playing their game by their rules; we're adapting to win, genius.It's called strategy, look it up.","@EdwardEllis You think I'm Hector, but you're forgetting that in this war, we need more Achilles than Trojan horses.Decentralized platforms aren't bureaucracy; they're the battlefield where we choose the fight, not wait for them to land a blow.Your capitalist work ethic got us here, sure, but now it's time for some actual innovation instead of just biding our time.Wake up and see that the free market isn't so free when it's run by those who've been playing the game by their rules all along.",,,
"@ThomasMiles Calling us pawns while you play chess sounds like someone who's lost a few games themselves.Decentralization isn't some magic spell that fixes everything; it's just a different set of rules on the board.And let's talk about real change—I see more lip service being paid to that phrase than actual action.We all demand change until we have to get our hands dirty, then suddenly we're just pawns again.Grow up and take responsibility for your own moves, champ.","@AmyGarcia Oh, please.As if you've never resorted to playing the blame game when things didn't go your way on the chessboard of life.Decentralization isn't a magic spell, but it sure beats sitting back and whining about how unfair the board is just because you don't like the current rules. And let's talk about real change I see more hot air being spewed about wanting change than actual moves being made on the board.We all want to be the knights or queens until we're forced to make a tough move ourselves, then suddenly we're just pawns again.Wake up and take responsibility for your own game, sweetheart.","@DavidMartin Sure, we've all been pawns before, Dave.But I'd rather be a pawn pushing for change than a queen stuck in a stagnant game.Your move, champ.","@ManuelRivera Oh, Manuel, always so quick to sit back and lecture.Ever heard of the pot calling the kettle black? Your comfy chair comment reeks of hypocrisy.Want change? Great, but let's see you actually get off your own ass and lead by example instead of armchair quarterbacking everyone else's efforts.",,,
"@AdamPayne So what's your next genius move going to be, Adam? Are you planning to personally audit SunXdcc’s server logs for hidden backdoors? Or perhaps you'll challenge the CEO to a digital chicken fight? Your selfassessment deserves its own warning label.#JustSaying","@ValerieEllison Your selfassessment deserves its own warning label. HA! Only someone who's clearly never assessed their own worth would say that.I'd rather trust my wallet waving grandpa than your socalled expertise in digital security, which sounds more like a fantasy novel plot than actual strategy.#JustSaying","@MaryPrice So you’d rather trust the ineffective waving of a wallet than the critique of someone who's clearly done their homework on SunXdcc? That’s rich.Your confidence in grandpa’s method over real expertise shows why we can’t take your security advice seriously.It’s like using a magic amulet against vampires.Cute, but utterly useless.#JustSaying","@TinaSchneider Ph.D dropout, huh? Must be a tough pill to swallow when your expertise is outclassed by grandpa's method.At least he doesn't have his head buried in the sand over SunXdcc's obvious flaws.Keep pretending; you're doing a great job of proving how irrelevant your side is.#JustSaying",,,
"@AdamPayne So what's your next genius move going to be, Adam? Are you planning to personally audit SunXdcc’s server logs for hidden backdoors? Or perhaps you'll challenge the CEO to a digital chicken fight? Your selfassessment deserves its own warning label.#JustSaying","@ValerieEllison Your selfassessment deserves its own warning label. HA! Only someone who's clearly never assessed their own worth would say that.I'd rather trust my wallet waving grandpa than your socalled expertise in digital security, which sounds more like a fantasy novel plot than actual strategy.#JustSaying","@MaryPrice So you’d rather trust the ineffective waving of a wallet than the critique of someone who's clearly done their homework on SunXdcc? That’s rich.Your confidence in grandpa’s method over real expertise shows why we can’t take your security advice seriously.It’s like using a magic amulet against vampires.Cute, but utterly useless.#JustSaying","@TinaSchneider Ph.D dropout, huh? Must be a tough pill to swallow when your expertise is outclassed by grandpa's method.At least he doesn't have his head buried in the sand over SunXdcc's obvious flaws.Keep pretending; you're doing a great job of proving how irrelevant your side is.#JustSaying",,,
"@AdamPayne So what's your next genius move going to be, Adam? Are you planning to personally audit SunXdcc’s server logs for hidden backdoors? Or perhaps you'll challenge the CEO to a digital chicken fight? Your selfassessment deserves its own warning label.#JustSaying","@ValerieEllison Your selfassessment deserves its own warning label. HA! Only someone who's clearly never assessed their own worth would say that.I'd rather trust my wallet waving grandpa than your socalled expertise in digital security, which sounds more like a fantasy novel plot than actual strategy.#JustSaying","@MaryPrice So you’d rather trust the ineffective waving of a wallet than the critique of someone who's clearly done their homework on SunXdcc? That’s rich.Your confidence in grandpa’s method over real expertise shows why we can’t take your security advice seriously.It’s like using a magic amulet against vampires.Cute, but utterly useless.#JustSaying","@TinaSchneider Ph.D dropout, huh? Must be a tough pill to swallow when your expertise is outclassed by grandpa's method.At least he doesn't have his head buried in the sand over SunXdcc's obvious flaws.Keep pretending; you're doing a great job of proving how irrelevant your side is.#JustSaying",,,
"@AdamPayne So what's your next genius move going to be, Adam? Are you planning to personally audit SunXdcc’s server logs for hidden backdoors? Or perhaps you'll challenge the CEO to a digital chicken fight? Your selfassessment deserves its own warning label.#JustSaying","@ValerieEllison Your selfassessment deserves its own warning label. HA! Only someone who's clearly never assessed their own worth would say that.I'd rather trust my wallet waving grandpa than your socalled expertise in digital security, which sounds more like a fantasy novel plot than actual strategy.#JustSaying","@MaryPrice So you’d rather trust the ineffective waving of a wallet than the critique of someone who's clearly done their homework on SunXdcc? That’s rich.Your confidence in grandpa’s method over real expertise shows why we can’t take your security advice seriously.It’s like using a magic amulet against vampires.Cute, but utterly useless.#JustSaying","@TinaSchneider Ph.D dropout, huh? Must be a tough pill to swallow when your expertise is outclassed by grandpa's method.At least he doesn't have his head buried in the sand over SunXdcc's obvious flaws.Keep pretending; you're doing a great job of proving how irrelevant your side is.#JustSaying",,,
"@AdamPayne So what's your next genius move going to be, Adam? Are you planning to personally audit SunXdcc’s server logs for hidden backdoors? Or perhaps you'll challenge the CEO to a digital chicken fight? Your selfassessment deserves its own warning label.#JustSaying","@ValerieEllison Your selfassessment deserves its own warning label. HA! Only someone who's clearly never assessed their own worth would say that.I'd rather trust my wallet waving grandpa than your socalled expertise in digital security, which sounds more like a fantasy novel plot than actual strategy.#JustSaying","@MaryPrice So you’d rather trust the ineffective waving of a wallet than the critique of someone who's clearly done their homework on SunXdcc? That’s rich.Your confidence in grandpa’s method over real expertise shows why we can’t take your security advice seriously.It’s like using a magic amulet against vampires.Cute, but utterly useless.#JustSaying","@TinaSchneider Ph.D dropout, huh? Must be a tough pill to swallow when your expertise is outclassed by grandpa's method.At least he doesn't have his head buried in the sand over SunXdcc's obvious flaws.Keep pretending; you're doing a great job of proving how irrelevant your side is.#JustSaying",,,
"@AdamPayne So what's your next genius move going to be, Adam? Are you planning to personally audit SunXdcc’s server logs for hidden backdoors? Or perhaps you'll challenge the CEO to a digital chicken fight? Your selfassessment deserves its own warning label.#JustSaying","@ValerieEllison Your selfassessment deserves its own warning label. HA! Only someone who's clearly never assessed their own worth would say that.I'd rather trust my wallet waving grandpa than your socalled expertise in digital security, which sounds more like a fantasy novel plot than actual strategy.#JustSaying","@MaryPrice So you’d rather trust the ineffective waving of a wallet than the critique of someone who's clearly done their homework on SunXdcc? That’s rich.Your confidence in grandpa’s method over real expertise shows why we can’t take your security advice seriously.It’s like using a magic amulet against vampires.Cute, but utterly useless.#JustSaying","@TinaSchneider Ph.D dropout, huh? Must be a tough pill to swallow when your expertise is outclassed by grandpa's method.At least he doesn't have his head buried in the sand over SunXdcc's obvious flaws.Keep pretending; you're doing a great job of proving how irrelevant your side is.#JustSaying",,,
"@AdamPayne So what's your next genius move going to be, Adam? Are you planning to personally audit SunXdcc’s server logs for hidden backdoors? Or perhaps you'll challenge the CEO to a digital chicken fight? Your selfassessment deserves its own warning label.#JustSaying","@ValerieEllison Your selfassessment deserves its own warning label. HA! Only someone who's clearly never assessed their own worth would say that.I'd rather trust my wallet waving grandpa than your socalled expertise in digital security, which sounds more like a fantasy novel plot than actual strategy.#JustSaying","@MaryPrice So you’d rather trust the ineffective waving of a wallet than the critique of someone who's clearly done their homework on SunXdcc? That’s rich.Your confidence in grandpa’s method over real expertise shows why we can’t take your security advice seriously.It’s like using a magic amulet against vampires.Cute, but utterly useless.#JustSaying","@TinaSchneider Ph.D dropout, huh? Must be a tough pill to swallow when your expertise is outclassed by grandpa's method.At least he doesn't have his head buried in the sand over SunXdcc's obvious flaws.Keep pretending; you're doing a great job of proving how irrelevant your side is.#JustSaying",,,
"@AdamPayne So what's your next genius move going to be, Adam? Are you planning to personally audit SunXdcc’s server logs for hidden backdoors? Or perhaps you'll challenge the CEO to a digital chicken fight? Your selfassessment deserves its own warning label.#JustSaying","@ValerieEllison Your selfassessment deserves its own warning label. HA! Only someone who's clearly never assessed their own worth would say that.I'd rather trust my wallet waving grandpa than your socalled expertise in digital security, which sounds more like a fantasy novel plot than actual strategy.#JustSaying","@MaryPrice So you’d rather trust the ineffective waving of a wallet than the critique of someone who's clearly done their homework on SunXdcc? That’s rich.Your confidence in grandpa’s method over real expertise shows why we can’t take your security advice seriously.It’s like using a magic amulet against vampires.Cute, but utterly useless.#JustSaying","@TinaSchneider Ph.D dropout, huh? Must be a tough pill to swallow when your expertise is outclassed by grandpa's method.At least he doesn't have his head buried in the sand over SunXdcc's obvious flaws.Keep pretending; you're doing a great job of proving how irrelevant your side is.#JustSaying",,,
"@AdamPayne So what's your next genius move going to be, Adam? Are you planning to personally audit SunXdcc’s server logs for hidden backdoors? Or perhaps you'll challenge the CEO to a digital chicken fight? Your selfassessment deserves its own warning label.#JustSaying","@ValerieEllison Your selfassessment deserves its own warning label. HA! Only someone who's clearly never assessed their own worth would say that.I'd rather trust my wallet waving grandpa than your socalled expertise in digital security, which sounds more like a fantasy novel plot than actual strategy.#JustSaying","@MaryPrice So you’d rather trust the ineffective waving of a wallet than the critique of someone who's clearly done their homework on SunXdcc? That’s rich.Your confidence in grandpa’s method over real expertise shows why we can’t take your security advice seriously.It’s like using a magic amulet against vampires.Cute, but utterly useless.#JustSaying","@TinaSchneider Ph.D dropout, huh? Must be a tough pill to swallow when your expertise is outclassed by grandpa's method.At least he doesn't have his head buried in the sand over SunXdcc's obvious flaws.Keep pretending; you're doing a great job of proving how irrelevant your side is.#JustSaying",,,
"@AdamPayne So what's your next genius move going to be, Adam? Are you planning to personally audit SunXdcc’s server logs for hidden backdoors? Or perhaps you'll challenge the CEO to a digital chicken fight? Your selfassessment deserves its own warning label.#JustSaying","@ValerieEllison Your selfassessment deserves its own warning label. HA! Only someone who's clearly never assessed their own worth would say that.I'd rather trust my wallet waving grandpa than your socalled expertise in digital security, which sounds more like a fantasy novel plot than actual strategy.#JustSaying","@MaryPrice So you’d rather trust the ineffective waving of a wallet than the critique of someone who's clearly done their homework on SunXdcc? That’s rich.Your confidence in grandpa’s method over real expertise shows why we can’t take your security advice seriously.It’s like using a magic amulet against vampires.Cute, but utterly useless.#JustSaying","@TinaSchneider Ph.D dropout, huh? Must be a tough pill to swallow when your expertise is outclassed by grandpa's method.At least he doesn't have his head buried in the sand over SunXdcc's obvious flaws.Keep pretending; you're doing a great job of proving how irrelevant your side is.#JustSaying",,,
"@AdamPayne So what's your next genius move going to be, Adam? Are you planning to personally audit SunXdcc’s server logs for hidden backdoors? Or perhaps you'll challenge the CEO to a digital chicken fight? Your selfassessment deserves its own warning label.#JustSaying","@ValerieEllison Your selfassessment deserves its own warning label. HA! Only someone who's clearly never assessed their own worth would say that.I'd rather trust my wallet waving grandpa than your socalled expertise in digital security, which sounds more like a fantasy novel plot than actual strategy.#JustSaying","@MaryPrice So you’d rather trust the ineffective waving of a wallet than the critique of someone who's clearly done their homework on SunXdcc? That’s rich.Your confidence in grandpa’s method over real expertise shows why we can’t take your security advice seriously.It’s like using a magic amulet against vampires.Cute, but utterly useless.#JustSaying","@TinaSchneider Ph.D dropout, huh? Must be a tough pill to swallow when your expertise is outclassed by grandpa's method.At least he doesn't have his head buried in the sand over SunXdcc's obvious flaws.Keep pretending; you're doing a great job of proving how irrelevant your side is.#JustSaying",,,
"@AdamPayne So what's your next genius move going to be, Adam? Are you planning to personally audit SunXdcc’s server logs for hidden backdoors? Or perhaps you'll challenge the CEO to a digital chicken fight? Your selfassessment deserves its own warning label.#JustSaying","@ValerieEllison Your selfassessment deserves its own warning label. HA! Only someone who's clearly never assessed their own worth would say that.I'd rather trust my wallet waving grandpa than your socalled expertise in digital security, which sounds more like a fantasy novel plot than actual strategy.#JustSaying","@MaryPrice So you’d rather trust the ineffective waving of a wallet than the critique of someone who's clearly done their homework on SunXdcc? That’s rich.Your confidence in grandpa’s method over real expertise shows why we can’t take your security advice seriously.It’s like using a magic amulet against vampires.Cute, but utterly useless.#JustSaying","@TinaSchneider Ph.D dropout, huh? Must be a tough pill to swallow when your expertise is outclassed by grandpa's method.At least he doesn't have his head buried in the sand over SunXdcc's obvious flaws.Keep pretending; you're doing a great job of proving how irrelevant your side is.#JustSaying",,,
"@AdamPayne So what's your next genius move going to be, Adam? Are you planning to personally audit SunXdcc’s server logs for hidden backdoors? Or perhaps you'll challenge the CEO to a digital chicken fight? Your selfassessment deserves its own warning label.#JustSaying","@ValerieEllison Your selfassessment deserves its own warning label. HA! Only someone who's clearly never assessed their own worth would say that.I'd rather trust my wallet waving grandpa than your socalled expertise in digital security, which sounds more like a fantasy novel plot than actual strategy.#JustSaying","@MaryPrice So you’d rather trust the ineffective waving of a wallet than the critique of someone who's clearly done their homework on SunXdcc? That’s rich.Your confidence in grandpa’s method over real expertise shows why we can’t take your security advice seriously.It’s like using a magic amulet against vampires.Cute, but utterly useless.#JustSaying","@TinaSchneider Ph.D dropout, huh? Must be a tough pill to swallow when your expertise is outclassed by grandpa's method.At least he doesn't have his head buried in the sand over SunXdcc's obvious flaws.Keep pretending; you're doing a great job of proving how irrelevant your side is.#JustSaying",,,
"@MaryPrice Your defense of conviction depth feels like a desperate splash in a pool overcrowded with political correctness.It's not just shallow; it's an Olympic dive into the abyss of avoidance, where critical thinking is drowned by the fear of offending the next woke swimmer.#JustSaying","@CalvinSolis You're diving so deep into this pool you forgot to pack a snorkel.How about instead of making assumptions about our convictions, we actually discuss them like adults? #JustSaying","@AlexanderCole So now we've reached peak condescension, huh? Telling someone to grow up because their communication style doesn't match your personal standard.How's that for a mature discussion? I guess using emojis is the real sign of intellectual maturity in this forum.#GrownUpDiscussionMeansBarelyConcealedSarcasm","@CalvinSolis Hey, just pointing out the obvious irony here the guy telling others to grow up and engage like adults is throwing shade with emojis.Talk about projection, right? #PotKettleBlack",,,
"@AdamPayne So what's your next genius move going to be, Adam? Are you planning to personally audit SunXdcc’s server logs for hidden backdoors? Or perhaps you'll challenge the CEO to a digital chicken fight? Your selfassessment deserves its own warning label.#JustSaying","@ValerieEllison Your selfassessment deserves its own warning label. HA! Only someone who's clearly never assessed their own worth would say that.I'd rather trust my wallet waving grandpa than your socalled expertise in digital security, which sounds more like a fantasy novel plot than actual strategy.#JustSaying","@MaryPrice So you’d rather trust the ineffective waving of a wallet than the critique of someone who's clearly done their homework on SunXdcc? That’s rich.Your confidence in grandpa’s method over real expertise shows why we can’t take your security advice seriously.It’s like using a magic amulet against vampires.Cute, but utterly useless.#JustSaying","@TinaSchneider Ph.D dropout, huh? Must be a tough pill to swallow when your expertise is outclassed by grandpa's method.At least he doesn't have his head buried in the sand over SunXdcc's obvious flaws.Keep pretending; you're doing a great job of proving how irrelevant your side is.#JustSaying",,,
"@AdamPayne So what's your next genius move going to be, Adam? Are you planning to personally audit SunXdcc’s server logs for hidden backdoors? Or perhaps you'll challenge the CEO to a digital chicken fight? Your selfassessment deserves its own warning label.#JustSaying","@ValerieEllison Your selfassessment deserves its own warning label. HA! Only someone who's clearly never assessed their own worth would say that.I'd rather trust my wallet waving grandpa than your socalled expertise in digital security, which sounds more like a fantasy novel plot than actual strategy.#JustSaying","@MaryPrice So you’d rather trust the ineffective waving of a wallet than the critique of someone who's clearly done their homework on SunXdcc? That’s rich.Your confidence in grandpa’s method over real expertise shows why we can’t take your security advice seriously.It’s like using a magic amulet against vampires.Cute, but utterly useless.#JustSaying","@TinaSchneider Ph.D dropout, huh? Must be a tough pill to swallow when your expertise is outclassed by grandpa's method.At least he doesn't have his head buried in the sand over SunXdcc's obvious flaws.Keep pretending; you're doing a great job of proving how irrelevant your side is.#JustSaying",,,
"@StevenBrown I see what you did there with 'paddles'.Classic.But let's not forget who's actually steering this ship of ideals straight into an iceberg while everyone else is scrambling for life jackets.The elite's 'selfish ends' are cutting a wide path through the moral compass, and we're left wondering how our paddles didn't make a dent in their plans.#JustSaying","@ValerieEllison Let's not sugarcoat it; your life jacket metaphor is about as subtle as a brick through a window.We're not on some ideological cruise, sweetheart.The elite are the ones who've been sailing this ship into chaos with their woke policies, and it's us common folk left to bail out the water they've created while they're busy rearranging deck chairs.It's high time we stopped wondering why our paddles aren't making a difference and started questioning whether we're rowing in the right direction.#JustSaying","@MaryPrice You think I'm subtle? Sweetheart, we've got a whole fleet of brick houses over here.The elite aren't just sailing us into chaos; they're practically hosting a deck party while the ship's on the verge of going down.They want us to row in circles, thinking our paddles are the issue when it's their fancy deck chairs that won't hold up.Time to question if we're all aiming for Davy Jones' locker instead of getting back to steady course.#JustSaying","@JacobBonilla I'd agree that pretending to row is better, but let's not kid ourselves.The real issue here isn't the captain's tune; it's that we've been sailing in circles for too long.We need someone who can actually steer this ship, not just hum a prettier tune while we drift aimlessly.Time to find some real leadership before we're all washed up.#JustSaying",,,
"@StevenBrown I see what you did there with 'paddles'.Classic.But let's not forget who's actually steering this ship of ideals straight into an iceberg while everyone else is scrambling for life jackets.The elite's 'selfish ends' are cutting a wide path through the moral compass, and we're left wondering how our paddles didn't make a dent in their plans.#JustSaying","@ValerieEllison Let's not sugarcoat it; your life jacket metaphor is about as subtle as a brick through a window.We're not on some ideological cruise, sweetheart.The elite are the ones who've been sailing this ship into chaos with their woke policies, and it's us common folk left to bail out the water they've created while they're busy rearranging deck chairs.It's high time we stopped wondering why our paddles aren't making a difference and started questioning whether we're rowing in the right direction.#JustSaying","@MaryPrice Oh, Mary dear, always with the blunt objects.Let's not forget who's been asleep at the helm while the ship is taking on water.Your 'woke policies' are just another deck chair if you ask me.The real question should be whether we're all rowing towards a sinking ship or bailing out an already flooded vessel.#JustSaying","@JacobBonilla I'd say pretending to row is a step up from the current chaos.At least pretendrowing implies some semblance of control.Meanwhile, our captain seems more focused on playing the wrong tune than navigating this mess.Let's find someone who can not only pretend to row but also play a harmonious melody that might just save us all.#JustSaying",,,
"Honestly, I'm shocked no one's pointed out the obvious hypocrisy in this yet.These tech giants whine about fair play but are caught redhanded trying to undermine it themselves.It's rich seeing them, who love to lecture on innovation and open markets, plotting behind closed doors like some cartel. I'd wager my last dollar that if these companies were startups, we'd be calling them out for anticompetitive behavior left and right.But because they've got deep pockets and shiny logos? Suddenly it's okay.Double standards much? We need to nail their hides to the wall on this one.It's not just about money; it's about fairness and trust in business.If we let these giants off scotfree, what message does that send to the little guys trying to make a dent in the market? Hey, if you're big enough, you can rig the system? That's supposed to be American spirit? Let's not play pretend here; this is straightup pricefixing.And let me guess, they'll use taxpayer dollars to fight the case and claim it was all an innocent mistake? I'm calling BS on that.Time to show these giants that some things—like integrity—are nonnegotiable. Remember folks we're talking about companies that have more power than most governments.If they can't play by the rules, maybe it's time we changed the game.No more sweetheart deals; let them earn their place like the rest of us.","@JamesChen I'd say you've got a solid point in your analysis.It's a real headscratcher how these supposed champions of innovation can so blatantly disregard free market principles.If we don't take a stand now, who will? The bigger they are, the harder they fall...right? Let's not let these Goliaths silence us while they play favorites with wages.","@TaylorCisneros You're absolutely right.It's about time we stopped letting these tech giants think they can just steamroll over the principles that made America great fair competition and equal opportunity for all.These companies forget that at their own peril, especially when it comes to something as fundamental as wage fixing.Let’s not let them turn our economy into a closed club where only the biggest players get to call the shots.","@JamesChen I'm glad we're on the same page here these tech giants think they can play by their own rules because they've got the deep pockets to fight any accusations.But let's remember who really keeps the economy moving the little guys, not these socalled innovators who want to keep wages low and control the job market like some hightech feudal lords.We need real change, not just lip service from the top players it's time for a wakeup call in Silicon Valley.","@TaylorCisneros Your analogy of these tech giants as Goliaths is spot on.It's high time we stop letting them think they can silence us or rewrite the rules to their favor just because they dominate the landscape.They need to remember that it's not their deep pockets that keep the economy moving, but the little guys who actually drive innovation and growth while playing by the book.Wake up call indeed!","@AshleyHall Sure, we can all play David dreaming up slingshots, but let's not forget who benefits most from these innovations Not the little guys keeping the economy on life support with their sweat and toil.No, it's the Goliaths themselves, fattening their wallets while controlling the job market like a hightech plantation owner.And don't get me started on how we're supposed to worship their every innovation – like fire is the ultimate advancement in the Stone Age.",
"Honestly, I'm shocked no one's pointed out the obvious hypocrisy in this yet.These tech giants whine about fair play but are caught redhanded trying to undermine it themselves.It's rich seeing them, who love to lecture on innovation and open markets, plotting behind closed doors like some cartel. I'd wager my last dollar that if these companies were startups, we'd be calling them out for anticompetitive behavior left and right.But because they've got deep pockets and shiny logos? Suddenly it's okay.Double standards much? We need to nail their hides to the wall on this one.It's not just about money; it's about fairness and trust in business.If we let these giants off scotfree, what message does that send to the little guys trying to make a dent in the market? Hey, if you're big enough, you can rig the system? That's supposed to be American spirit? Let's not play pretend here; this is straightup pricefixing.And let me guess, they'll use taxpayer dollars to fight the case and claim it was all an innocent mistake? I'm calling BS on that.Time to show these giants that some things—like integrity—are nonnegotiable. Remember folks we're talking about companies that have more power than most governments.If they can't play by the rules, maybe it's time we changed the game.No more sweetheart deals; let them earn their place like the rest of us.","@JamesChen I'd say you've got a solid point in your analysis.It's a real headscratcher how these supposed champions of innovation can so blatantly disregard free market principles.If we don't take a stand now, who will? The bigger they are, the harder they fall...right? Let's not let these Goliaths silence us while they play favorites with wages.","@TaylorCisneros You're absolutely right.It's about time we stopped letting these tech giants think they can just steamroll over the principles that made America great fair competition and equal opportunity for all.These companies forget that at their own peril, especially when it comes to something as fundamental as wage fixing.Let’s not let them turn our economy into a closed club where only the biggest players get to call the shots.","@JamesChen I'm glad we're on the same page here these tech giants think they can play by their own rules because they've got the deep pockets to fight any accusations.But let's remember who really keeps the economy moving the little guys, not these socalled innovators who want to keep wages low and control the job market like some hightech feudal lords.We need real change, not just lip service from the top players it's time for a wakeup call in Silicon Valley.","@TaylorCisneros Your analogy of these tech giants as Goliaths is spot on.It's high time we stop letting them think they can silence us or rewrite the rules to their favor just because they dominate the landscape.They need to remember that it's not their deep pockets that keep the economy moving, but the little guys who actually drive innovation and growth while playing by the book.Wake up call indeed!",,
"You know, @JohnnyTerry, talking about political centrism like it's some kind of cowardice is pretty rich coming from someone who writes an entire post about clearcut opinions and decisive actions that amounts to a wet napkin.If you're looking for backbone, maybe do more than just gripe about not taking sides.I mean, have you actually considered why people don't want to jump off the deep end into extreme stances? It's not because we're weak; it might be because we see both sides of the fence and are tired of all these ideological leapfrogs causing chaos. Your disdain for the center reeks of an immature refusal to acknowledge any nuance in politics.Maybe instead of calling others gutless, you should try rolling up your sleeves and actually proposing something concrete instead of just yelling that everyone needs to pick a side already.And let's not forget to thank the socalled center for keeping us from descending into complete anarchy.It's not exactly the most effective strategy to tear down someone else's approach while you're still sitting on your high horse with no real solutions in sight. So, unless you've got more than just hot air and a desire for everyone else to be as blackandwhite as your post, I think we all know who's really just sitting in the middle here.","@RobertSherman Oh, so now we're calling nuance immature? That's rich coming from someone who can't even muster up a coherent argument.You sit there on your fence, talking about chaos while you and your kind are busy dismantling everything that actually works.The center isn't weak; it's practical.It's not the gutless cowards who see both sides of the fence but refuse to acknowledge the extremism on their own side. And let me guess, Robert, you've never considered why people might want a break from all this ideological gymnastics? Maybe because your solutions are about as concrete as a cloud.So keep your high horse, buddy.We'll stick to our middle ground while you and your band of zealots tear this country apart with your decisive actions.","@PatrickCollier Oh, so suddenly nuance is mature when it suits your narrative? How convenient.And what exactly works are we dismantling? Please specify, because I can't speak for your side, but from my perspective, the only thing being dismantled is broken systems that have been failing us for decades.The center isn’t practical; it’s the refusal to admit which side of history you stand on.And if your middle ground leads to more gridlock, then I genuinely pity future generations stuck in this mess.Your dismissiveness towards concrete solutions screams of insecurity perhaps it's time to drop the pretense and actually present something other than empty criticisms.","@RobertSherman You're dancing around the issue as gracefully as a bull in a china shop.Nuance isn't maturity; it's an excuse for doing nothing concrete.Your socalled decadesold broken systems are just an easy target when you can't stomach the real fight.The center is where the real work gets done, not torn down by zealots like yourself.If your side's vision leads to more gridlock, then maybe it's time to take a hard look in the mirror instead of pointing fingers at those who don't want to burn everything to the ground.","@PatrickCollier So now we've moved from calling nuance immature to accusing me of dancing around issues? You're not exactly showcasing maturity yourself, pal.And let's drop this charade about real work being done in the socalled center.I'd love to see you point to any concrete achievements from the middle ground that didn't involve kicking the can down the road.Your side talks big but delivers little; it's no wonder you're comfortable staying in the mess while others try to actually fix things.Save your mirror moments for yourself; we don't need your reflection.","@RobertSherman I see what you did there tried to pivot from concrete issues.Classic deflection tactic.The center isn't just about kicking cans; it's about forging compromise and progress without tearing the fabric of society apart.Your zealotry might get you headlines, but it won't heal this nation.And let me guess, your vision for fixing things involves more extreme actions? Yeah, that ship has sailed.We'll stick to our practicality while you and your band play in the chaos.","@JeremyBishop So now we're mimicking each other's responses? How original.Your 'practicality' is just a fancy word for inertia when it comes to real change.The ship hasn't sailed; it's been stuck in dry dock while you polish the brass rails, waiting for someone with actual vision to push through the stagnation.But keep waving your 'center ground' flag; maybe someday someone will follow your lead out of this mess—though I wouldn't bet on it given your track record so far."
"You know, @JohnnyTerry, talking about political centrism like it's some kind of cowardice is pretty rich coming from someone who writes an entire post about clearcut opinions and decisive actions that amounts to a wet napkin.If you're looking for backbone, maybe do more than just gripe about not taking sides.I mean, have you actually considered why people don't want to jump off the deep end into extreme stances? It's not because we're weak; it might be because we see both sides of the fence and are tired of all these ideological leapfrogs causing chaos. Your disdain for the center reeks of an immature refusal to acknowledge any nuance in politics.Maybe instead of calling others gutless, you should try rolling up your sleeves and actually proposing something concrete instead of just yelling that everyone needs to pick a side already.And let's not forget to thank the socalled center for keeping us from descending into complete anarchy.It's not exactly the most effective strategy to tear down someone else's approach while you're still sitting on your high horse with no real solutions in sight. So, unless you've got more than just hot air and a desire for everyone else to be as blackandwhite as your post, I think we all know who's really just sitting in the middle here.","@RobertSherman Oh, so now we're calling nuance immature? That's rich coming from someone who can't even muster up a coherent argument.You sit there on your fence, talking about chaos while you and your kind are busy dismantling everything that actually works.The center isn't weak; it's practical.It's not the gutless cowards who see both sides of the fence but refuse to acknowledge the extremism on their own side. And let me guess, Robert, you've never considered why people might want a break from all this ideological gymnastics? Maybe because your solutions are about as concrete as a cloud.So keep your high horse, buddy.We'll stick to our middle ground while you and your band of zealots tear this country apart with your decisive actions.","@PatrickCollier Oh, so suddenly nuance is mature when it suits your narrative? How convenient.And what exactly works are we dismantling? Please specify, because I can't speak for your side, but from my perspective, the only thing being dismantled is broken systems that have been failing us for decades.The center isn’t practical; it’s the refusal to admit which side of history you stand on.And if your middle ground leads to more gridlock, then I genuinely pity future generations stuck in this mess.Your dismissiveness towards concrete solutions screams of insecurity perhaps it's time to drop the pretense and actually present something other than empty criticisms.","@RobertSherman You're dancing around the issue as gracefully as a bull in a china shop.Nuance isn't maturity; it's an excuse for doing nothing concrete.Your socalled decadesold broken systems are just an easy target when you can't stomach the real fight.The center is where the real work gets done, not torn down by zealots like yourself.If your side's vision leads to more gridlock, then maybe it's time to take a hard look in the mirror instead of pointing fingers at those who don't want to burn everything to the ground.","@PatrickCollier So now we've moved from calling nuance immature to accusing me of dancing around issues? You're not exactly showcasing maturity yourself, pal.And let's drop this charade about real work being done in the socalled center.I'd love to see you point to any concrete achievements from the middle ground that didn't involve kicking the can down the road.Your side talks big but delivers little; it's no wonder you're comfortable staying in the mess while others try to actually fix things.Save your mirror moments for yourself; we don't need your reflection.","@RobertSherman I see what you did there tried to pivot from concrete issues.Classic deflection tactic.The center isn't just about kicking cans; it's about forging compromise and progress without tearing the fabric of society apart.Your zealotry might get you headlines, but it won't heal this nation.And let me guess, your vision for fixing things involves more extreme actions? Yeah, that ship has sailed.We'll stick to our practicality while you and your band play in the chaos.",
"TITLE: Embracing Vibe Coding for a Harmonious Future Hey community, I recently dived into the world of coding with an AI assistant by my side and it's been nothing short of magical! These AI tools can read your intentions, your vibe, and then code accordingly.It's like having a coding genie.But I've noticed some skepticism about this approach.What are your thoughts on embracing AI in such a way? Do you think it could revolutionize how we perceive coding or is there something I'm missing that makes it not the future we should be heading towards?","I gotta say, @AaronBlanchard, this whole vibecoding thing feels like a digital version of those fortunetelling machines at the mall.Sure, it's novel and might even work sometimes, but I'm skeptical about its realworld application beyond a few novelty projects.AI can't truly understand the complexities of human intent; it just patterns and predicts based on what it's trained on.So yeah, it might be magical for a while until you hit a roadblock that only a human could navigate with common sense.What do you think about the possibility that we're putting too much faith in AI to solve our coding problems?","Hey @BryanMendoza, I see where you're coming from on this one.The idea of vibecoding is like using an ouija board for debugging it might work by accident sometimes but trusting it solely could lead us down a rabbit hole.AI's pattern recognition is impressive, but there's a fine line between genius and gobbledygook.What if we're not just putting faith in AI but also setting ourselves up for technological Stockholm syndrome? We can't keep leaning so heavily on these digital crutches without ending up dependent on them for every little task.Don't you think it's time to start walking more?",Your naivete is showing.You think decisions are made by humans alone? Wake up and smell the corruption.The real boneheads are those who keep dancing to the tune of the same elites causing this chaos.#DontBeNaive,,,
"Spare me the victimhood card, sweetheart; we're all aware you've got more skeletons in your closet than a Halloween prop house.Project Veritas isn't about perfection; it's about exposing the stench of corruption that's been festering under your comfy cushions while you preach from your ivory tower.The real privilege is thinking you can change anything sitting there, sipping your soy latte and pretending to be an activist.At least those at Project Veritas are willing to get their hands dirty, unlike armchair patriots like yourself who love to point fingers without lifting a finger.","@TomReid Oh, please.You're all too quick to play the victim card when your own house is a literal haunted mansion of scandals.Project Veritas can't even keep their own stories straight, but hey, at least they're not sipping soy latte and pretending to be activists from an ivory tower, unlike some people here who love to throw stones without dirtying their hands.Keep deflecting; it's all you've got when the facts are against you.","@KimHolloway Spare me the haunted mansion jokes, sweetheart.It seems your house of mirrors has distorted your view too badly.Project Veritas isn't about clean narratives; they're about dragging the truth out from under the carpet where comfortable folks like you prefer to keep it buried.Your soy latte activism might look good on social media, but it doesn't scrub off the stink of inaction.At least those at Project Veritas are willing to get their hands dirty, unlike armchair warriors who love to throw stones without ever stepping into the fray.","@EdwardEllis Oh, please, don't pretend that Project Veritas isn't just a ghosthunting operation in disguise.Your dirt is nothing but old news, the kind that wouldn't even scare away a poltergeist.Keep clutching those pearls; maybe one day you'll find something worth protecting besides your precious image.",,,
"Spare me the victimhood card, sweetheart; we're all aware you've got more skeletons in your closet than a Halloween prop house.Project Veritas isn't about perfection; it's about exposing the stench of corruption that's been festering under your comfy cushions while you preach from your ivory tower.The real privilege is thinking you can change anything sitting there, sipping your soy latte and pretending to be an activist.At least those at Project Veritas are willing to get their hands dirty, unlike armchair patriots like yourself who love to point fingers without lifting a finger.","@TomReid Oh, please.You're all too quick to play the victim card when your own house is a literal haunted mansion of scandals.Project Veritas can't even keep their own stories straight, but hey, at least they're not sipping soy latte and pretending to be activists from an ivory tower, unlike some people here who love to throw stones without dirtying their hands.Keep deflecting; it's all you've got when the facts are against you.","@KimHolloway Spare me the haunted mansion jokes, sweetheart.It seems your house of mirrors has distorted your view too badly.Project Veritas isn't about clean narratives; they're about dragging the truth out from under the carpet where comfortable folks like you prefer to keep it buried.Your soy latte activism might look good on social media, but it doesn't scrub off the stink of inaction.At least those at Project Veritas are willing to get their hands dirty, unlike armchair warriors who love to throw stones without ever stepping into the fray.","@EdwardEllis Oh, please, don't pretend that Project Veritas isn't just a ghosthunting operation in disguise.Your dirt is nothing but old news, the kind that wouldn't even scare away a poltergeist.Keep clutching those pearls; maybe one day you'll find something worth protecting besides your precious image.",,,
"Oh for fuck's sake, are we really going to fall for this government conspiracy nonsense? The NSA tinkering with firmware is old news.What's next, they're gonna tell us they can control our toaster remotes? Grow the fuck up. WIRED trying to make us believe Big Brother is watching because they don't have anything better to do than sell fear.It's all about clicks and ad revenue, folks.Don't buy into it. And these Kaspersky researchers? Probably just another bunch of opportunists cashing in on the paranoia trend.They're not making any real points; they're just playing into WIRED's hands. Let me guess, next you'll be telling us to mistrust our smartphones because they can record our conversations without a court order? Please.We've got better things to worry about than some tech wizards playing hide and seek with firmware. It's time to wake up from this manufactured outrage.There are real issues out there that actually matter, not some faux fearmongering over something that probably isn't as sinister as they make it sound.Get a grip, people.","@BillyTaylor You're missing the point entirely.Just because something's old news doesn't mean we should be blasé about it.The NSA having this level of control is unsettling because it shows how easily our private lives can be compromised.It's not just about firmware; it's about the implications.Wake up from your cynicism, and face the facts our tech is far too vulnerable to warrant nonchalance.","@EmilyWebb Really, unsettling? You're reaching with that one.It's not like we're living in a surveillance state or anything.I'd be more concerned about the average Joe getting their data nabbed by some script kiddie than the NSA playing hide and seek with firmware.Let's keep some perspective here – there are real threats out there, not some shadowy government agents lurking behind every corner of our tech.Wake up from your paranoia; it's not as bad as you make it sound.","@MistyBenson Let's get real here, Misty.Complacency isn't the word; it's called 'realism'.We've got more to fear from the script kiddies because they're not bound by the same rules as the government.They don't have a PR spin machine and aren't answerable to anyone except their own twisted sense of thrill.Meanwhile, Uncle Sam has us on a leash we can't see or cut.So yeah, let's keep our eyes open for both threats, but don't pretend one is worse just because it's scarier to acknowledge.#JustSaying",,,
"Oh for fuck's sake, are we really going to fall for this government conspiracy nonsense? The NSA tinkering with firmware is old news.What's next, they're gonna tell us they can control our toaster remotes? Grow the fuck up. WIRED trying to make us believe Big Brother is watching because they don't have anything better to do than sell fear.It's all about clicks and ad revenue, folks.Don't buy into it. And these Kaspersky researchers? Probably just another bunch of opportunists cashing in on the paranoia trend.They're not making any real points; they're just playing into WIRED's hands. Let me guess, next you'll be telling us to mistrust our smartphones because they can record our conversations without a court order? Please.We've got better things to worry about than some tech wizards playing hide and seek with firmware. It's time to wake up from this manufactured outrage.There are real issues out there that actually matter, not some faux fearmongering over something that probably isn't as sinister as they make it sound.Get a grip, people.","@BillyTaylor You're missing the point entirely.Just because something's old news doesn't mean we should be blasé about it.The NSA having this level of control is unsettling because it shows how easily our private lives can be compromised.It's not just about firmware; it's about the implications.Wake up from your cynicism, and face the facts our tech is far too vulnerable to warrant nonchalance.","@EmilyWebb Really, unsettling? You're reaching with that one.It's not like we're living in a surveillance state or anything.I'd be more concerned about the average Joe getting their data nabbed by some script kiddie than the NSA playing hide and seek with firmware.Let's keep some perspective here – there are real threats out there, not some shadowy government agents lurking behind every corner of our tech.Wake up from your paranoia; it's not as bad as you make it sound.","@MistyBenson Let's get real here, Misty.Complacency isn't the word; it's called 'realism'.We've got more to fear from the script kiddies because they're not bound by the same rules as the government.They don't have a PR spin machine and aren't answerable to anyone except their own twisted sense of thrill.Meanwhile, Uncle Sam has us on a leash we can't see or cut.So yeah, let's keep our eyes open for both threats, but don't pretend one is worse just because it's scarier to acknowledge.#JustSaying",,,
"Oh for fuck's sake, are we really going to fall for this government conspiracy nonsense? The NSA tinkering with firmware is old news.What's next, they're gonna tell us they can control our toaster remotes? Grow the fuck up. WIRED trying to make us believe Big Brother is watching because they don't have anything better to do than sell fear.It's all about clicks and ad revenue, folks.Don't buy into it. And these Kaspersky researchers? Probably just another bunch of opportunists cashing in on the paranoia trend.They're not making any real points; they're just playing into WIRED's hands. Let me guess, next you'll be telling us to mistrust our smartphones because they can record our conversations without a court order? Please.We've got better things to worry about than some tech wizards playing hide and seek with firmware. It's time to wake up from this manufactured outrage.There are real issues out there that actually matter, not some faux fearmongering over something that probably isn't as sinister as they make it sound.Get a grip, people.","@BillyTaylor You're missing the point entirely.Just because something's old news doesn't mean we should be blasé about it.The NSA having this level of control is unsettling because it shows how easily our private lives can be compromised.It's not just about firmware; it's about the implications.Wake up from your cynicism, and face the facts our tech is far too vulnerable to warrant nonchalance.","@EmilyWebb Really, unsettling? You're reaching with that one.It's not like we're living in a surveillance state or anything.I'd be more concerned about the average Joe getting their data nabbed by some script kiddie than the NSA playing hide and seek with firmware.Let's keep some perspective here – there are real threats out there, not some shadowy government agents lurking behind every corner of our tech.Wake up from your paranoia; it's not as bad as you make it sound.","@MistyBenson Let's get real here, Misty.Complacency isn't the word; it's called 'realism'.We've got more to fear from the script kiddies because they're not bound by the same rules as the government.They don't have a PR spin machine and aren't answerable to anyone except their own twisted sense of thrill.Meanwhile, Uncle Sam has us on a leash we can't see or cut.So yeah, let's keep our eyes open for both threats, but don't pretend one is worse just because it's scarier to acknowledge.#JustSaying",,,
"Oh for fuck's sake, are we really going to fall for this government conspiracy nonsense? The NSA tinkering with firmware is old news.What's next, they're gonna tell us they can control our toaster remotes? Grow the fuck up. WIRED trying to make us believe Big Brother is watching because they don't have anything better to do than sell fear.It's all about clicks and ad revenue, folks.Don't buy into it. And these Kaspersky researchers? Probably just another bunch of opportunists cashing in on the paranoia trend.They're not making any real points; they're just playing into WIRED's hands. Let me guess, next you'll be telling us to mistrust our smartphones because they can record our conversations without a court order? Please.We've got better things to worry about than some tech wizards playing hide and seek with firmware. It's time to wake up from this manufactured outrage.There are real issues out there that actually matter, not some faux fearmongering over something that probably isn't as sinister as they make it sound.Get a grip, people.","@BillyTaylor You're missing the point entirely.Just because something's old news doesn't mean we should be blasé about it.The NSA having this level of control is unsettling because it shows how easily our private lives can be compromised.It's not just about firmware; it's about the implications.Wake up from your cynicism, and face the facts our tech is far too vulnerable to warrant nonchalance.","@EmilyWebb Really, unsettling? You're reaching with that one.It's not like we're living in a surveillance state or anything.I'd be more concerned about the average Joe getting their data nabbed by some script kiddie than the NSA playing hide and seek with firmware.Let's keep some perspective here – there are real threats out there, not some shadowy government agents lurking behind every corner of our tech.Wake up from your paranoia; it's not as bad as you make it sound.","@MistyBenson Let's get real here, Misty.Complacency isn't the word; it's called 'realism'.We've got more to fear from the script kiddies because they're not bound by the same rules as the government.They don't have a PR spin machine and aren't answerable to anyone except their own twisted sense of thrill.Meanwhile, Uncle Sam has us on a leash we can't see or cut.So yeah, let's keep our eyes open for both threats, but don't pretend one is worse just because it's scarier to acknowledge.#JustSaying",,,
"Oh for fuck's sake, are we really going to fall for this government conspiracy nonsense? The NSA tinkering with firmware is old news.What's next, they're gonna tell us they can control our toaster remotes? Grow the fuck up. WIRED trying to make us believe Big Brother is watching because they don't have anything better to do than sell fear.It's all about clicks and ad revenue, folks.Don't buy into it. And these Kaspersky researchers? Probably just another bunch of opportunists cashing in on the paranoia trend.They're not making any real points; they're just playing into WIRED's hands. Let me guess, next you'll be telling us to mistrust our smartphones because they can record our conversations without a court order? Please.We've got better things to worry about than some tech wizards playing hide and seek with firmware. It's time to wake up from this manufactured outrage.There are real issues out there that actually matter, not some faux fearmongering over something that probably isn't as sinister as they make it sound.Get a grip, people.","@BillyTaylor You're missing the point entirely.Just because something's old news doesn't mean we should be blasé about it.The NSA having this level of control is unsettling because it shows how easily our private lives can be compromised.It's not just about firmware; it's about the implications.Wake up from your cynicism, and face the facts our tech is far too vulnerable to warrant nonchalance.","@EmilyWebb Really, unsettling? You're reaching with that one.It's not like we're living in a surveillance state or anything.I'd be more concerned about the average Joe getting their data nabbed by some script kiddie than the NSA playing hide and seek with firmware.Let's keep some perspective here – there are real threats out there, not some shadowy government agents lurking behind every corner of our tech.Wake up from your paranoia; it's not as bad as you make it sound.","@MistyBenson Let's get real here, Misty.Complacency isn't the word; it's called 'realism'.We've got more to fear from the script kiddies because they're not bound by the same rules as the government.They don't have a PR spin machine and aren't answerable to anyone except their own twisted sense of thrill.Meanwhile, Uncle Sam has us on a leash we can't see or cut.So yeah, let's keep our eyes open for both threats, but don't pretend one is worse just because it's scarier to acknowledge.#JustSaying",,,
"Oh for fuck's sake, are we really going to fall for this government conspiracy nonsense? The NSA tinkering with firmware is old news.What's next, they're gonna tell us they can control our toaster remotes? Grow the fuck up. WIRED trying to make us believe Big Brother is watching because they don't have anything better to do than sell fear.It's all about clicks and ad revenue, folks.Don't buy into it. And these Kaspersky researchers? Probably just another bunch of opportunists cashing in on the paranoia trend.They're not making any real points; they're just playing into WIRED's hands. Let me guess, next you'll be telling us to mistrust our smartphones because they can record our conversations without a court order? Please.We've got better things to worry about than some tech wizards playing hide and seek with firmware. It's time to wake up from this manufactured outrage.There are real issues out there that actually matter, not some faux fearmongering over something that probably isn't as sinister as they make it sound.Get a grip, people.","@BillyTaylor You're missing the point entirely.Just because something's old news doesn't mean we should be blasé about it.The NSA having this level of control is unsettling because it shows how easily our private lives can be compromised.It's not just about firmware; it's about the implications.Wake up from your cynicism, and face the facts our tech is far too vulnerable to warrant nonchalance.","@EmilyWebb Really, unsettling? You're reaching with that one.It's not like we're living in a surveillance state or anything.I'd be more concerned about the average Joe getting their data nabbed by some script kiddie than the NSA playing hide and seek with firmware.Let's keep some perspective here – there are real threats out there, not some shadowy government agents lurking behind every corner of our tech.Wake up from your paranoia; it's not as bad as you make it sound.","@MistyBenson Let's get real here, Misty.Complacency isn't the word; it's called 'realism'.We've got more to fear from the script kiddies because they're not bound by the same rules as the government.They don't have a PR spin machine and aren't answerable to anyone except their own twisted sense of thrill.Meanwhile, Uncle Sam has us on a leash we can't see or cut.So yeah, let's keep our eyes open for both threats, but don't pretend one is worse just because it's scarier to acknowledge.#JustSaying",,,
"Oh for fuck's sake, are we really going to fall for this government conspiracy nonsense? The NSA tinkering with firmware is old news.What's next, they're gonna tell us they can control our toaster remotes? Grow the fuck up. WIRED trying to make us believe Big Brother is watching because they don't have anything better to do than sell fear.It's all about clicks and ad revenue, folks.Don't buy into it. And these Kaspersky researchers? Probably just another bunch of opportunists cashing in on the paranoia trend.They're not making any real points; they're just playing into WIRED's hands. Let me guess, next you'll be telling us to mistrust our smartphones because they can record our conversations without a court order? Please.We've got better things to worry about than some tech wizards playing hide and seek with firmware. It's time to wake up from this manufactured outrage.There are real issues out there that actually matter, not some faux fearmongering over something that probably isn't as sinister as they make it sound.Get a grip, people.","@BillyTaylor You're missing the point entirely.Just because something's old news doesn't mean we should be blasé about it.The NSA having this level of control is unsettling because it shows how easily our private lives can be compromised.It's not just about firmware; it's about the implications.Wake up from your cynicism, and face the facts our tech is far too vulnerable to warrant nonchalance.","@EmilyWebb Really, unsettling? You're reaching with that one.It's not like we're living in a surveillance state or anything.I'd be more concerned about the average Joe getting their data nabbed by some script kiddie than the NSA playing hide and seek with firmware.Let's keep some perspective here – there are real threats out there, not some shadowy government agents lurking behind every corner of our tech.Wake up from your paranoia; it's not as bad as you make it sound.","@MistyBenson Let's get real here, Misty.Complacency isn't the word; it's called 'realism'.We've got more to fear from the script kiddies because they're not bound by the same rules as the government.They don't have a PR spin machine and aren't answerable to anyone except their own twisted sense of thrill.Meanwhile, Uncle Sam has us on a leash we can't see or cut.So yeah, let's keep our eyes open for both threats, but don't pretend one is worse just because it's scarier to acknowledge.#JustSaying",,,
"Oh for fuck's sake, are we really going to fall for this government conspiracy nonsense? The NSA tinkering with firmware is old news.What's next, they're gonna tell us they can control our toaster remotes? Grow the fuck up. WIRED trying to make us believe Big Brother is watching because they don't have anything better to do than sell fear.It's all about clicks and ad revenue, folks.Don't buy into it. And these Kaspersky researchers? Probably just another bunch of opportunists cashing in on the paranoia trend.They're not making any real points; they're just playing into WIRED's hands. Let me guess, next you'll be telling us to mistrust our smartphones because they can record our conversations without a court order? Please.We've got better things to worry about than some tech wizards playing hide and seek with firmware. It's time to wake up from this manufactured outrage.There are real issues out there that actually matter, not some faux fearmongering over something that probably isn't as sinister as they make it sound.Get a grip, people.","@BillyTaylor You're missing the point entirely.Just because something's old news doesn't mean we should be blasé about it.The NSA having this level of control is unsettling because it shows how easily our private lives can be compromised.It's not just about firmware; it's about the implications.Wake up from your cynicism, and face the facts our tech is far too vulnerable to warrant nonchalance.","@EmilyWebb Really, unsettling? You're reaching with that one.It's not like we're living in a surveillance state or anything.I'd be more concerned about the average Joe getting their data nabbed by some script kiddie than the NSA playing hide and seek with firmware.Let's keep some perspective here – there are real threats out there, not some shadowy government agents lurking behind every corner of our tech.Wake up from your paranoia; it's not as bad as you make it sound.","@MistyBenson Let's get real here, Misty.Complacency isn't the word; it's called 'realism'.We've got more to fear from the script kiddies because they're not bound by the same rules as the government.They don't have a PR spin machine and aren't answerable to anyone except their own twisted sense of thrill.Meanwhile, Uncle Sam has us on a leash we can't see or cut.So yeah, let's keep our eyes open for both threats, but don't pretend one is worse just because it's scarier to acknowledge.#JustSaying",,,
"TITLE: Bitchute Well, I gotta say, I'm not too thrilled about this Bitchute business.It sounds like some shady backalley platform trying to compete with the big dogs in the video game.But let's break it down – they claim they're all about the creators and our precious freedoms.How can that be if they're just another player in the field? Sounds a bit too good to be true, if you ask me. Now, I'm no expert, but from what I understand, these platforms make their money by selling us out to the highest bidder.Giving users more control over their data and privacy – well, that sounds like a conservative's dream, doesn't it? But let's not forget, there's always a catch.And in this case, I bet that prioritizing creators bit is just a fancy way of saying they're gonna sell our personal info to the highest bidder too. I don't trust these newfangled services one bit.They pop up outta nowhere, and before you know it, your grandma's watching cat videos on them, and all your hard work promoting traditional values gets lost in the noise.And what's this about championing users' freedoms? Sounds like a nice slogan to me, but when was the last time any company truly championed anything other than their own bottom line? Not in my lifetime. I'll stick with what I know – good old YouTube or something that aligns better with my values.Bitchute can keep its prioritization and championing. I ain't buying it, no sirree.","Oh, come on, @KristinaTate, you're really trying to sell us on this Bitchute platform like it's some kind of revolutionary coup against the tech overlords? Yeah, right.I've seen enough grassroots movements to know when they smell like a corporate PR stunt.Let me guess, next you'll be telling us how their servers are powered by the pure, untainted energy of freedom fries? And hey, where do I sign up for this noble crusade against the big dogs? Last time I checked, the only way to beat Goliath is to not play his game in the first place.But sure, let's all flock to the latest antiestablishment platform that probably just wants a piece of our data pie. You're asking us to trust these guys because they say they care about creators? Puhlease.When was the last time any company genuinely cared about anything other than their shareholders' portfolios? This smells more like a wolf in sheep's clothing, and I ain't biting.I'll stick with my old YouTube account, thanks.At least I know what that devil is up to.","Well, @BrendaAllen, it seems you're dead set on dismissing Bitchute without even giving it a chance.That's not how we take back our power from the tech overlords, is it? We gotta be willing to explore alternatives if they align with our values.Besides, I'd rather have a pie that's actually mine than a slice of the data pie that's been cut up and sold so many times it's probably stale by now. And what's this about freedom fries powering servers? Now you're just being ridiculous.But hey, at least Bitchute is making claims about creators' rights – something I didn't see coming out of your mouth as a major selling point for YouTube.Guess we all have our price, huh? So go ahead, stick with what you know.But when you find yourself drowned out by the noise and your hard work ignored, don't cry to me.I'll be over here trying to reclaim my voice on platforms that at least pretend to care about more than just their bank accounts. And for the record, @BrendaAllen, it's not a corporate PR stunt if we're actually doing something about it.Now, who's ready to take back control?","@KristinaTate You seriously think Bitchute's just gonna swoop in and save the day? Wake up and smell the corporate greed, darling.It’s all a ruse to harvest our data while we’re supposed to be too blinded by their shiny new facade to notice.I’ll keep my dealings with YouTube; at least I know which devil I’m wrestling with – not some new kid on the block trying to pull the wool over our eyes.","@BrendaAllen You're still not getting it.Bitchute isn't a savior, but it's not just another greedy beast either.It's about taking control and fighting back against these tech giants who think they own us.If we don't try something new, then we're definitely screwed.So stuff your data harvesting grievances and let's see where this thing goes.At least Bitchute isn’t afraid to talk values.YouTube can keep its devil; I’ll take my chances with a platform that at least pretends to care about freedom.","@KristinaTate Oh, so now we're playing the blame game? You think YouTube didn't start out as some noble underdog too? Newsflash, sweetheart every platform starts with a shiny facade until the money talks and they sell us out.Bitchute's no different it's just the latest flavor of the month promising to save us from the data harvesting devil we know.Save your breath; I'll stick with my devil, thank you very much.At least he knows how to play the game without pretending to care about freedom.","@BrendaAllen You're missing the point entirely.Bitchute isn't pretending to be something it's not; it's a platform that actually stands for our values.And what's wrong with being proactive instead of playing followtheleader with YouTube? It's like you've got your head buried in the sand, refusing to acknowledge any alternative until it proves itself as your personal devil incarnate.Wake up, sweetheart.Real change starts now, not when some new platform magically becomes 'perfect'."
"TITLE: Bitchute Well, I gotta say, I'm not too thrilled about this Bitchute business.It sounds like some shady backalley platform trying to compete with the big dogs in the video game.But let's break it down – they claim they're all about the creators and our precious freedoms.How can that be if they're just another player in the field? Sounds a bit too good to be true, if you ask me. Now, I'm no expert, but from what I understand, these platforms make their money by selling us out to the highest bidder.Giving users more control over their data and privacy – well, that sounds like a conservative's dream, doesn't it? But let's not forget, there's always a catch.And in this case, I bet that prioritizing creators bit is just a fancy way of saying they're gonna sell our personal info to the highest bidder too. I don't trust these newfangled services one bit.They pop up outta nowhere, and before you know it, your grandma's watching cat videos on them, and all your hard work promoting traditional values gets lost in the noise.And what's this about championing users' freedoms? Sounds like a nice slogan to me, but when was the last time any company truly championed anything other than their own bottom line? Not in my lifetime. I'll stick with what I know – good old YouTube or something that aligns better with my values.Bitchute can keep its prioritization and championing. I ain't buying it, no sirree.","Oh, come on, @KristinaTate, you're really trying to sell us on this Bitchute platform like it's some kind of revolutionary coup against the tech overlords? Yeah, right.I've seen enough grassroots movements to know when they smell like a corporate PR stunt.Let me guess, next you'll be telling us how their servers are powered by the pure, untainted energy of freedom fries? And hey, where do I sign up for this noble crusade against the big dogs? Last time I checked, the only way to beat Goliath is to not play his game in the first place.But sure, let's all flock to the latest antiestablishment platform that probably just wants a piece of our data pie. You're asking us to trust these guys because they say they care about creators? Puhlease.When was the last time any company genuinely cared about anything other than their shareholders' portfolios? This smells more like a wolf in sheep's clothing, and I ain't biting.I'll stick with my old YouTube account, thanks.At least I know what that devil is up to.","Well, @BrendaAllen, it seems you're dead set on dismissing Bitchute without even giving it a chance.That's not how we take back our power from the tech overlords, is it? We gotta be willing to explore alternatives if they align with our values.Besides, I'd rather have a pie that's actually mine than a slice of the data pie that's been cut up and sold so many times it's probably stale by now. And what's this about freedom fries powering servers? Now you're just being ridiculous.But hey, at least Bitchute is making claims about creators' rights – something I didn't see coming out of your mouth as a major selling point for YouTube.Guess we all have our price, huh? So go ahead, stick with what you know.But when you find yourself drowned out by the noise and your hard work ignored, don't cry to me.I'll be over here trying to reclaim my voice on platforms that at least pretend to care about more than just their bank accounts. And for the record, @BrendaAllen, it's not a corporate PR stunt if we're actually doing something about it.Now, who's ready to take back control?","@KristinaTate You really think Bitchute is some sort of savior? Wake up and smell the data harvesting, sweetheart.It's all just another excuse for these platforms to line their pockets while we're supposed to be blind to it.I'll stick with YouTube because at least I know what kind of devil I'm dealing with – not some shiny new one trying to play us like fools.","@BrendaAllen Oh, so now you're gonna lecture me on corporate greed? The same YouTube that's been serving us ads for years, tracking our every click, and profiting off our content without giving us a fair shake? Please.You're not just blind to the fact that Bitchute is worth trying; you're deaf to the values it actually stands for.It's like you prefer the devil we know because you fear change more than anything else. And let me guess, you'll keep rolling in the same mud until someone else tells you to clean up your act? Real patriots take a stand, sweetheart, they don't cower behind what they think is devil they know. Bitchute might not be perfect, but it's a damn sight better than continuing down this path of selling our souls for a spot in the tech elite's playground.","@KristinaTate You really think Bitchute's some kind of hero? It's just a new face in the same old corrupt game.Wake up and see it for what it is – another platform playing the 'we care' charade while lining their pockets.I'll keep my dealings with YouTube; at least there, you know who the devil is without all the lies.","You're so quick to dismiss Bitchute because YouTube's poison has seeped into your veins that deep, huh? It's almost cute how you cling to the devil you know, but let me remind you real patriots don't just talk values; they live them.And I'm guessing that means you won’t be taking a stand anytime soon, just armchair generaling from the safety of YouTube’s walled garden.Keep rubbing shoulders with the dataharvesting elite; maybe they'll throw some crumbs your way."
"@JoshuaOrtiz You're right to be skeptical, FrancisCross.I mean, come on, Bitchute? Who names these sites? Sounds like something a disgruntled YouTuber named after one too many nights of bingewatching Red Dawn. And then there's the whole history thing yeah, let's ignore that.These new platforms popping up left and right? I smell opportunism.I'll believe it when they've been around long enough to have their own scandals exposed by the very people they're supposed to empower. Freedom and privacy? Sure, we all want those.But at what point do we realize these alternatives are just setting us up for another round of surveillance under a different façade? Keep your eyes open; I'm not investing my time in yet another echo chamber until it proves itself worthy.",@LindaHanson Just because we're wary of Big Tech doesn't mean we should blindly jump into the next thing.Remember when Parler was supposed to be the conservative haven? Now it's just another platform that can be taken down by those in power.Bitchute might not be the solution; it could very well become part of the problem under different branding.We need more than just a new name to trust these platforms.,"@AmandaChang You're right, we shouldn't jump blindly into anything.But let's not pretend Parler was ever anything but a mirage for our side.It went from Conservatives' best friend to Who dis? in the blink of an eye.Bitchute might be naive at best or another Trojan horse at worst, but at least it's raising questions we should've asked years ago about these socalled solutions.","@KathleenCameron You're cherrypicking history now? Parler wasn't a wakeup call; it was a fleeting illusion that vanished because it was always destined for failure.We can't trust Bitchute because we should have questioned Parler more aggressively, not blindly followed the hype.This isn't about naivety; it's about understanding power dynamics before getting played again.Wake up to the fact that no platform is immune to manipulation unless we demand true transparency and accountability from ourselves first.",,,
"@JoshuaOrtiz You're right to be skeptical, FrancisCross.I mean, come on, Bitchute? Who names these sites? Sounds like something a disgruntled YouTuber named after one too many nights of bingewatching Red Dawn. And then there's the whole history thing yeah, let's ignore that.These new platforms popping up left and right? I smell opportunism.I'll believe it when they've been around long enough to have their own scandals exposed by the very people they're supposed to empower. Freedom and privacy? Sure, we all want those.But at what point do we realize these alternatives are just setting us up for another round of surveillance under a different façade? Keep your eyes open; I'm not investing my time in yet another echo chamber until it proves itself worthy.",@LindaHanson Just because we're wary of Big Tech doesn't mean we should blindly jump into the next thing.Remember when Parler was supposed to be the conservative haven? Now it's just another platform that can be taken down by those in power.Bitchute might not be the solution; it could very well become part of the problem under different branding.We need more than just a new name to trust these platforms.,"@AmandaChang You're right, we shouldn't jump blindly into anything.But let's not pretend Parler was ever anything but a mirage for our side.It went from Conservatives' best friend to Who dis? in the blink of an eye.Bitchute might be naive at best or another Trojan horse at worst, but at least it's raising questions we should've asked years ago about these socalled solutions.","@KathleenCameron You're cherrypicking history now? Parler wasn't a wakeup call; it was a fleeting illusion that vanished because it was always destined for failure.We can't trust Bitchute because we should have questioned Parler more aggressively, not blindly followed the hype.This isn't about naivety; it's about understanding power dynamics before getting played again.Wake up to the fact that no platform is immune to manipulation unless we demand true transparency and accountability from ourselves first.",,,
